Modelo;Fornecedor;SoC;Placa/Board;Android;RAM GB;ROM GB;Ethernet;ADB;Root/su;/system;Bootlogo;Bootanimation;Portrait;Kiosk/launcher;Preço USD estim.;Preço cotado USD;Data cotação;MOQ cotado;Resposta fornecedor;Link Alibaba produto;Score est.;Score confirmado;Prioridade;URL fabricante;Contato;Responsável;Data teste;Notas;Status Player-AD
TV_BOX_3 (referência);—;Allwinner sun8iw7;dolphin-fvd-p1;14;PENDENTE ADB;PENDENTE ADB;PENDENTE ADB;Sim;Sim SuperSU;Sim;Sim mmcblk0p2;Sim /system/media;Sim user_rotation=1;Parcial lock-task;—;—;—;—;N/A (equipamento próprio);—;18;18;EM USO;—;—;Totem Digital;2026-07-02;Ver docs/hardware/TV_BOX_3-SPEC.md;OK v1.33
Tanix TX5;Amlogic/Tanix;Amlogic S905Y5;TX5;14;2-4;16-32;100M-1G;Sim esperado;ODM;ODM firmware;ODM;ODM;Confirmar;Launcher ODM;35-55;;;;Pendente envio e-mail;;;16;ALTA;https://www.tanixtvbox.com/android-digital-signage-player-solutions/;sales@tanixtvbox.com;;Pendente amostra;Android 14 signage RTC OTA;Pendente amostra
Tanix TX66 / signage RK3566;Tanix;Rockchip RK3566;TX66;11;2-4;16-32;Gigabit;Sim esperado;ODM;ODM;Rockchip logo.bmp;ODM;Confirmar;Launcher ODM;40-65;;;;Pendente envio e-mail;;;15;ALTA;https://www.tanixtvbox.com/digital-signage-players/;sales@tanixtvbox.com;;Pendente amostra;RK3566 24/7 RTC opcional;Pendente amostra
KICKPI K2B / Tanix K2B;Tanix/KICKPI;Allwinner H618;K2B/K2C;11-12;2-4;16-32;100M-1G;Sim esperado;ODM;Allwinner bootlogo.bmp doc;ODM;Confirmar;Launcher ODM;30-50;;;;Pendente envio e-mail;https://www.alibaba.com/trade/search?SearchText=KICKPI+K2B+H618+signage;;;17;MUITO ALTA;https://www.tanixtvbox.com/digital-signage-players/;sales@tanixtvbox.com;;Pendente amostra;Família Allwinner H618;Pendente amostra
SUNCHIP AD-0143-RK3566;SUNCHIP;Rockchip RK3566;AD-0143-3566;11;2-4;16-32;100M;Sim;Root aberto ODM;ODM;ODM;ODM;Sim 0/90/180/270;Watchdog remoto;35-55;;;;Pendente envio e-mail;https://www.alibaba.com/trade/search?SearchText=SUNCHIP+AD-0143+RK3566;;;17;MUITO ALTA;https://www.sunchip-tech.com/products/ad-0143-rk3566/;info@sunchip-tech.com;;Pendente amostra;Rotação portrait explícita;Pendente amostra
Ranboda RK3566 signage;Ranboda;Rockchip RK3566;RK3566 box;11;4-8;32-128;Gigabit;Sim esperado;ODM;ODM;ODM;Sim settings;Signage 24/7;45-70;;;;Pendente envio e-mail;https://www.alibaba.com/trade/search?SearchText=Ranboda+RK3566+signage;;;16;ALTA;https://www.ranboda.com/rockchip-rk3566-solution/;sales@ranboda.com;;Pendente amostra;Screen rotation metal;Pendente amostra
Amedia X96 Signage;Amedia;Amlogic S905X4/S905Y4;X96 signage;11-13;2-4;16-32;100M-1G;Sim;ODM;ODM;ODM;ODM;Confirmar;MDM launcher;30-50;;;;Pendente envio e-mail;https://www.alibaba.com/trade/search?SearchText=Amedia+X96+signage+player;;;14;MÉDIA;https://x96mini.com/;jerry@amediatech.cn;;Pendente amostra;15 anos OEM;Pendente amostra
Dadocer H618 Signage;Dadocer;Allwinner H618;Signage player;12;2-4;16-32;100M-1G;Sim;APK aberto;ODM;ODM;Boot animation OEM;Confirmar;APK pre-install;28-45;;;;Pendente envio e-mail;https://www.alibaba.com/trade/search?SearchText=Dadocer+H618+signage;;;15;ALTA;https://www.dadocer.com/product/android-digital-signage-player/;Formulário site;;Pendente amostra;WiFi6 boot OEM;Pendente amostra
SunnyTV X98H H618;SunnyTV;Allwinner H618;X98H;12;2-4;16-32;100M;Sim;ODM;ODM;Boot image OEM;Boot animation OEM;Confirmar;Launcher UI OEM;22-38;;;;Pendente envio e-mail;https://www.alibaba.com/trade/search?SearchText=Allwinner+H618+X98H+OEM;;;14;MÉDIA;https://tv-boxes.cn/product/odm-allwinner-h618-x98h-tv-boxes.html;Contato site;;Pendente amostra;Android 12 boot OEM;Pendente amostra
VeryPC H068;VeryPC;Rockchip RK3568;H068;14;4;32;1G LAN;Sim;Firmware fixo OEM;Pré-config OEM;OEM factory;OEM factory;Sim;OEM kiosk;120-180;;;;Pendente envio e-mail;;;16;PILOTO PREMIUM;https://very-pc.co.uk/products/android-signage-players/h068/;sales@very-pc.co.uk;;Pendente cotação BR;Industrial fanless;Pendente cotação
Tanix W2 RTC;Amlogic/Tanix;Amlogic S905W2;W2;11;2;16;100M;Sim;ODM;ODM;ODM;ODM;Confirmar;RTC auto schedule;25-40;;;;Pendente envio e-mail;;;13;MÉDIA;https://www.tanixtvbox.com/android-digital-signage-player-solutions/;sales@tanixtvbox.com;;Pendente amostra;RTC econômico;Pendente amostra
SZTomato RK3566 OEM;SZTomato;Rockchip RK3566;Custom;11-13;2-4;16-32;Gigabit;Sim;ODM;ODM;ODM;ODM;Confirmar;OEM;30-50;;;;Pendente envio e-mail;https://www.alibaba.com/trade/search?SearchText=SZTomato+RK3566+OEM+signage;;;13;VOLUME;https://www.sztomato.com/;Contato site;;Pendente MOQ;MOQ alto 500+;Pendente MOQ
AliExpress genérico H618;Varejo;Allwinner H618;Var;12;4;32;100M;Sim;Às vezes;Raramente;Raramente;Às vezes;Às vezes;Não;15-25;;;;N/A;https://www.aliexpress.com/w/wholesale-allwinner-h618-tv-box.html;;8;SÓ TESTE;—;—;;Evitar produção;Não usar totem;Evitar produção
Fire Stick 4K;Amazon;MT8696;—;Fire OS;2;8;Não;Limitado;Não;Não;Não;Não;Não;Não;40-60;;;;N/A;;;3;NÃO USAR;—;—;;Ecossistema fechado;Rejeitado
